<?xml version="1.0" encoding="UTF-8"?>
<project-private xmlns="http://www.netbeans.org/ns/project-private/1">
    <editor-bookmarks xmlns="http://www.netbeans.org/ns/editor-bookmarks/2" lastBookmarkId="0"/>
    <open-files xmlns="http://www.netbeans.org/ns/projectui-open-files/2">
        <group>
            <file>file:/C:/Users/PC/Downloads/SWP_Support-main/SWP_Support-main/SWP-yadodvuvi/web/css/common.css</file>
            <file>file:/C:/Users/PC/Downloads/SWP_Support-main/SWP_Support-main/SWP-yadodvuvi/web/index.jsp</file>
            <file>file:/C:/Users/PC/Downloads/SWP_Support-main/SWP_Support-main/SWP-yadodvuvi/src/java/DBContext/MyDAO.java</file>
            <file>file:/C:/Users/PC/Downloads/SWP_Support-main/SWP_Support-main/SWP-yadodvuvi/src/java/DAO/TourDAO.java</file>
            <file>file:/C:/Users/PC/Downloads/SWP_Support-main/SWP_Support-main/SWP-yadodvuvi/src/java/DBContext/DBcontext.java</file>
        </group>
    </open-files>
</project-private>
